{
    "num_gt": 294,
    "num_pred": 1191,
    "TP": 977,
    "FP": 561,
    "FN": 16,
    "FFP": 347,
    "precision": 0.6352405721716515,
    "recall": 1.6932409012131715
}